Me,Friend
huy,canh
huy,vanh
huy,hlam
huy,trung
huy,luong
huy,phongv
huy,y
huy,giang
huy,tam
hlam,huy
trung,hlam
trung,huy
quan,luong
quan,y
quan,giang
quan,tam
quan,nga
quan,duyen
luong,thong
luong,quan
luong,huy
phongv,huy
y,quan
y,luong
y,tuan
y,thong
y,huy
canh,huy
vanh,canh
vanh,huy
giang,y
giang,phongv
giang,quan
giang,huy
tam,giang
tam,y
tam,phongv
tam,luong
tam,quan
tam,huy
nga,phongv
nga,luong
nga,quan
duyen,quan
duyen,luong
duyen,phongv
duyen,y
quy,luong
quy,giang
quy,nga
quy,duyen
nhat,tam
dat,y
dat,phongv